workerid,hitid,hittypeid,title,description,keywords,reward,creationtime,assignments,numavailable,numpending,numcomplete,hitstatus,reviewstatus,annotation,assignmentduration,autoapprovaldelay,hitlifetime,viewhit,assignmentid,workerid,assignmentstatus,autoapprovaltime,assignmentaccepttime,assignmentsubmittime,assignmentapprovaltime,assignmentrejecttime,deadline,feedback,reject,Answer.id,Answer.catch_trials
0,375VMB7D4IIJAIIPGKG7Q1KNE9VDI7,3RDWCCLNIFS2XKA98XBNOIWDFUITPC,Language study,A 25-minute experiment where you play a language game with another turker.,language experiment study communication stanford fun cognitive science,$2.50,Mon Nov 16 08:06:44 PST 2015,40,0,0,0,Reviewable,NotReviewed,1 cond,4800,60000,Wed Dec 16 08:06:44 PST 2015,https://requester.mturk.com/mturk/manageHIT?HITId=375VMB7D4IIJAIIPGKG7Q1KNE9VDI7,3TY7ZAOG5FJJ3D5DUDIQCUB37V60KV,0,Submitted,Tue Nov 17 01:04:07 PST 2015,Mon Nov 16 08:07:27 PST 2015,Mon Nov 16 08:24:07 PST 2015,,,,,,"""2758-d""",[]
1,375VMB7D4IIJAIIPGKG7Q1KNE9VDI7,3RDWCCLNIFS2XKA98XBNOIWDFUITPC,Language study,A 25-minute experiment where you play a language game with another turker.,language experiment study communication stanford fun cognitive science,$2.50,Mon Nov 16 08:06:44 PST 2015,40,0,0,0,Reviewable,NotReviewed,1 cond,4800,60000,Wed Dec 16 08:06:44 PST 2015,https://requester.mturk.com/mturk/manageHIT?HITId=375VMB7D4IIJAIIPGKG7Q1KNE9VDI7,35K3O9HUABC7EHST19Q8H6L2T0YFET,1,Submitted,Tue Nov 17 01:04:08 PST 2015,Mon Nov 16 08:07:04 PST 2015,Mon Nov 16 08:24:08 PST 2015,,,,,,"""3075-1""",[]
2,375VMB7D4IIJAIIPGKG7Q1KNE9VDI7,3RDWCCLNIFS2XKA98XBNOIWDFUITPC,Language study,A 25-minute experiment where you play a language game with another turker.,language experiment study communication stanford fun cognitive science,$2.50,Mon Nov 16 08:06:44 PST 2015,40,0,0,0,Reviewable,NotReviewed,1 cond,4800,60000,Wed Dec 16 08:06:44 PST 2015,https://requester.mturk.com/mturk/manageHIT?HITId=375VMB7D4IIJAIIPGKG7Q1KNE9VDI7,3G5F9DBFOPW8UO5LRP3IKVL19AEHVZ,2,Submitted,Tue Nov 17 01:04:08 PST 2015,Mon Nov 16 08:07:24 PST 2015,Mon Nov 16 08:24:08 PST 2015,,,,,,"""3075-1""",[]
3,375VMB7D4IIJAIIPGKG7Q1KNE9VDI7,3RDWCCLNIFS2XKA98XBNOIWDFUITPC,Language study,A 25-minute experiment where you play a language game with another turker.,language experiment study communication stanford fun cognitive science,$2.50,Mon Nov 16 08:06:44 PST 2015,40,0,0,0,Reviewable,NotReviewed,1 cond,4800,60000,Wed Dec 16 08:06:44 PST 2015,https://requester.mturk.com/mturk/manageHIT?HITId=375VMB7D4IIJAIIPGKG7Q1KNE9VDI7,3HRMW88U16PET15GFPV6R737W010M0,3,Submitted,Tue Nov 17 01:04:38 PST 2015,Mon Nov 16 08:09:06 PST 2015,Mon Nov 16 08:24:38 PST 2015,,,,,,"""2758-d""",[]
4,375VMB7D4IIJAIIPGKG7Q1KNE9VDI7,3RDWCCLNIFS2XKA98XBNOIWDFUITPC,Language study,A 25-minute experiment where you play a language game with another turker.,language experiment study communication stanford fun cognitive science,$2.50,Mon Nov 16 08:06:44 PST 2015,40,0,0,0,Reviewable,NotReviewed,1 cond,4800,60000,Wed Dec 16 08:06:44 PST 2015,https://requester.mturk.com/mturk/manageHIT?HITId=375VMB7D4IIJAIIPGKG7Q1KNE9VDI7,3OS46CRSLFYSXZL4V6CEN4WB0WYV6C,4,Submitted,Tue Nov 17 01:06:58 PST 2015,Mon Nov 16 08:07:20 PST 2015,Mon Nov 16 08:26:58 PST 2015,,,,,,"""3261-5""",[]
5,375VMB7D4IIJAIIPGKG7Q1KNE9VDI7,3RDWCCLNIFS2XKA98XBNOIWDFUITPC,Language study,A 25-minute experiment where you play a language game with another turker.,language experiment study communication stanford fun cognitive science,$2.50,Mon Nov 16 08:06:44 PST 2015,40,0,0,0,Reviewable,NotReviewed,1 cond,4800,60000,Wed Dec 16 08:06:44 PST 2015,https://requester.mturk.com/mturk/manageHIT?HITId=375VMB7D4IIJAIIPGKG7Q1KNE9VDI7,3DHE4R9OCWALX1C8J91PXQCPXC82GD,5,Submitted,Tue Nov 17 01:07:05 PST 2015,Mon Nov 16 08:07:25 PST 2015,Mon Nov 16 08:27:05 PST 2015,,,,,,"""0313-5""",[]
6,375VMB7D4IIJAIIPGKG7Q1KNE9VDI7,3RDWCCLNIFS2XKA98XBNOIWDFUITPC,Language study,A 25-minute experiment where you play a language game with another turker.,language experiment study communication stanford fun cognitive science,$2.50,Mon Nov 16 08:06:44 PST 2015,40,0,0,0,Reviewable,NotReviewed,1 cond,4800,60000,Wed Dec 16 08:06:44 PST 2015,https://requester.mturk.com/mturk/manageHIT?HITId=375VMB7D4IIJAIIPGKG7Q1KNE9VDI7,36W0OB37HWDP38AVSMSL51YXXLKHZZ,6,Submitted,Tue Nov 17 01:07:12 PST 2015,Mon Nov 16 08:07:43 PST 2015,Mon Nov 16 08:27:12 PST 2015,,,,,,"""0313-5""",[]
7,375VMB7D4IIJAIIPGKG7Q1KNE9VDI7,3RDWCCLNIFS2XKA98XBNOIWDFUITPC,Language study,A 25-minute experiment where you play a language game with another turker.,language experiment study communication stanford fun cognitive science,$2.50,Mon Nov 16 08:06:44 PST 2015,40,0,0,0,Reviewable,NotReviewed,1 cond,4800,60000,Wed Dec 16 08:06:44 PST 2015,https://requester.mturk.com/mturk/manageHIT?HITId=375VMB7D4IIJAIIPGKG7Q1KNE9VDI7,36H9ULYP62TFPXELFA1ZEMYUY8UFJE,7,Submitted,Tue Nov 17 01:07:44 PST 2015,Mon Nov 16 08:07:27 PST 2015,Mon Nov 16 08:27:44 PST 2015,,,,,,"""3261-5""",[]
8,375VMB7D4IIJAIIPGKG7Q1KNE9VDI7,3RDWCCLNIFS2XKA98XBNOIWDFUITPC,Language study,A 25-minute experiment where you play a language game with another turker.,language experiment study communication stanford fun cognitive science,$2.50,Mon Nov 16 08:06:44 PST 2015,40,0,0,0,Reviewable,NotReviewed,1 cond,4800,60000,Wed Dec 16 08:06:44 PST 2015,https://requester.mturk.com/mturk/manageHIT?HITId=375VMB7D4IIJAIIPGKG7Q1KNE9VDI7,3AZHRG4CU4JD7FX697QRV8U1W9K30N,8,Submitted,Tue Nov 17 01:07:49 PST 2015,Mon Nov 16 08:07:24 PST 2015,Mon Nov 16 08:27:49 PST 2015,,,,,,"""2809-4""",[]
9,375VMB7D4IIJAIIPGKG7Q1KNE9VDI7,3RDWCCLNIFS2XKA98XBNOIWDFUITPC,Language study,A 25-minute experiment where you play a language game with another turker.,language experiment study communication stanford fun cognitive science,$2.50,Mon Nov 16 08:06:44 PST 2015,40,0,0,0,Reviewable,NotReviewed,1 cond,4800,60000,Wed Dec 16 08:06:44 PST 2015,https://requester.mturk.com/mturk/manageHIT?HITId=375VMB7D4IIJAIIPGKG7Q1KNE9VDI7,354P56DE9K2V97I5KLC1IVC0W3O7SI,9,Submitted,Tue Nov 17 01:07:49 PST 2015,Mon Nov 16 08:07:26 PST 2015,Mon Nov 16 08:27:49 PST 2015,,,,,,"""2809-4""",[]
10,375VMB7D4IIJAIIPGKG7Q1KNE9VDI7,3RDWCCLNIFS2XKA98XBNOIWDFUITPC,Language study,A 25-minute experiment where you play a language game with another turker.,language experiment study communication stanford fun cognitive science,$2.50,Mon Nov 16 08:06:44 PST 2015,40,0,0,0,Reviewable,NotReviewed,1 cond,4800,60000,Wed Dec 16 08:06:44 PST 2015,https://requester.mturk.com/mturk/manageHIT?HITId=375VMB7D4IIJAIIPGKG7Q1KNE9VDI7,34HJIJKLP5VEICHQCIJZQ6CX45SV4R,10,Submitted,Tue Nov 17 01:10:12 PST 2015,Mon Nov 16 08:07:19 PST 2015,Mon Nov 16 08:30:12 PST 2015,,,,,,"""1022-7""",[]
11,375VMB7D4IIJAIIPGKG7Q1KNE9VDI7,3RDWCCLNIFS2XKA98XBNOIWDFUITPC,Language study,A 25-minute experiment where you play a language game with another turker.,language experiment study communication stanford fun cognitive science,$2.50,Mon Nov 16 08:06:44 PST 2015,40,0,0,0,Reviewable,NotReviewed,1 cond,4800,60000,Wed Dec 16 08:06:44 PST 2015,https://requester.mturk.com/mturk/manageHIT?HITId=375VMB7D4IIJAIIPGKG7Q1KNE9VDI7,3VZLGYJEYL9MPYAAXQA78NMRLB3XZ8,11,Submitted,Tue Nov 17 01:10:17 PST 2015,Mon Nov 16 08:07:28 PST 2015,Mon Nov 16 08:30:17 PST 2015,,,,,,"""1022-7""",[]
12,375VMB7D4IIJAIIPGKG7Q1KNE9VDI7,3RDWCCLNIFS2XKA98XBNOIWDFUITPC,Language study,A 25-minute experiment where you play a language game with another turker.,language experiment study communication stanford fun cognitive science,$2.50,Mon Nov 16 08:06:44 PST 2015,40,0,0,0,Reviewable,NotReviewed,1 cond,4800,60000,Wed Dec 16 08:06:44 PST 2015,https://requester.mturk.com/mturk/manageHIT?HITId=375VMB7D4IIJAIIPGKG7Q1KNE9VDI7,3JJVG1YBEBWH5HNKL6B9UMO4198B57,12,Submitted,Tue Nov 17 01:16:44 PST 2015,Mon Nov 16 08:09:26 PST 2015,Mon Nov 16 08:36:44 PST 2015,,,,,,"""5518-8""",[]
13,375VMB7D4IIJAIIPGKG7Q1KNE9VDI7,3RDWCCLNIFS2XKA98XBNOIWDFUITPC,Language study,A 25-minute experiment where you play a language game with another turker.,language experiment study communication stanford fun cognitive science,$2.50,Mon Nov 16 08:06:44 PST 2015,40,0,0,0,Reviewable,NotReviewed,1 cond,4800,60000,Wed Dec 16 08:06:44 PST 2015,https://requester.mturk.com/mturk/manageHIT?HITId=375VMB7D4IIJAIIPGKG7Q1KNE9VDI7,3VW04L3ZLT5XK3AVW8MMB26GDB5XXB,13,Submitted,Tue Nov 17 01:16:56 PST 2015,Mon Nov 16 08:09:30 PST 2015,Mon Nov 16 08:36:56 PST 2015,,,,,,"""5518-8""",[]
14,375VMB7D4IIJAIIPGKG7Q1KNE9VDI7,3RDWCCLNIFS2XKA98XBNOIWDFUITPC,Language study,A 25-minute experiment where you play a language game with another turker.,language experiment study communication stanford fun cognitive science,$2.50,Mon Nov 16 08:06:44 PST 2015,40,0,0,0,Reviewable,NotReviewed,1 cond,4800,60000,Wed Dec 16 08:06:44 PST 2015,https://requester.mturk.com/mturk/manageHIT?HITId=375VMB7D4IIJAIIPGKG7Q1KNE9VDI7,33FBRBDW6OYJ24YSX4E7HQ4DLK98CD,14,Submitted,Tue Nov 17 01:22:19 PST 2015,Mon Nov 16 08:07:26 PST 2015,Mon Nov 16 08:42:19 PST 2015,,,,,,"""8879-f""",[]
15,375VMB7D4IIJAIIPGKG7Q1KNE9VDI7,3RDWCCLNIFS2XKA98XBNOIWDFUITPC,Language study,A 25-minute experiment where you play a language game with another turker.,language experiment study communication stanford fun cognitive science,$2.50,Mon Nov 16 08:06:44 PST 2015,40,0,0,0,Reviewable,NotReviewed,1 cond,4800,60000,Wed Dec 16 08:06:44 PST 2015,https://requester.mturk.com/mturk/manageHIT?HITId=375VMB7D4IIJAIIPGKG7Q1KNE9VDI7,32UTUBMZ7GVY3B2ZRXTMYKI3EX9VBX,15,Submitted,Tue Nov 17 01:22:22 PST 2015,Mon Nov 16 08:07:26 PST 2015,Mon Nov 16 08:42:22 PST 2015,,,,,,"""8879-f""",[]
16,375VMB7D4IIJAIIPGKG7Q1KNE9VDI7,3RDWCCLNIFS2XKA98XBNOIWDFUITPC,Language study,A 25-minute experiment where you play a language game with another turker.,language experiment study communication stanford fun cognitive science,$2.50,Mon Nov 16 08:06:44 PST 2015,40,0,0,0,Reviewable,NotReviewed,1 cond,4800,60000,Wed Dec 16 08:06:44 PST 2015,https://requester.mturk.com/mturk/manageHIT?HITId=375VMB7D4IIJAIIPGKG7Q1KNE9VDI7,3DBQWDE4Y6XJ6QCHOWGILHOYIYLN57,16,Submitted,Tue Nov 17 01:23:14 PST 2015,Mon Nov 16 08:07:20 PST 2015,Mon Nov 16 08:43:14 PST 2015,,,,,,"""2444-b""",[]
17,375VMB7D4IIJAIIPGKG7Q1KNE9VDI7,3RDWCCLNIFS2XKA98XBNOIWDFUITPC,Language study,A 25-minute experiment where you play a language game with another turker.,language experiment study communication stanford fun cognitive science,$2.50,Mon Nov 16 08:06:44 PST 2015,40,0,0,0,Reviewable,NotReviewed,1 cond,4800,60000,Wed Dec 16 08:06:44 PST 2015,https://requester.mturk.com/mturk/manageHIT?HITId=375VMB7D4IIJAIIPGKG7Q1KNE9VDI7,3FUI0JHJPXX9O7W3SU8AX6S8ZL433I,17,Submitted,Tue Nov 17 01:24:05 PST 2015,Mon Nov 16 08:07:30 PST 2015,Mon Nov 16 08:44:05 PST 2015,,,,,,"""2444-b""",[]
18,375VMB7D4IIJAIIPGKG7Q1KNE9VDI7,3RDWCCLNIFS2XKA98XBNOIWDFUITPC,Language study,A 25-minute experiment where you play a language game with another turker.,language experiment study communication stanford fun cognitive science,$2.50,Mon Nov 16 08:06:44 PST 2015,40,0,0,0,Reviewable,NotReviewed,1 cond,4800,60000,Wed Dec 16 08:06:44 PST 2015,https://requester.mturk.com/mturk/manageHIT?HITId=375VMB7D4IIJAIIPGKG7Q1KNE9VDI7,3018Q3ZVOIP1RUGQCZOG2C9UB9ARA4,18,Submitted,Tue Nov 17 01:28:12 PST 2015,Mon Nov 16 08:07:24 PST 2015,Mon Nov 16 08:48:12 PST 2015,,,,,,"""1596-3""",[]
19,375VMB7D4IIJAIIPGKG7Q1KNE9VDI7,3RDWCCLNIFS2XKA98XBNOIWDFUITPC,Language study,A 25-minute experiment where you play a language game with another turker.,language experiment study communication stanford fun cognitive science,$2.50,Mon Nov 16 08:06:44 PST 2015,40,0,0,0,Reviewable,NotReviewed,1 cond,4800,60000,Wed Dec 16 08:06:44 PST 2015,https://requester.mturk.com/mturk/manageHIT?HITId=375VMB7D4IIJAIIPGKG7Q1KNE9VDI7,3OB0CAO74HOPYI0QW0Q2RUPVRRGHY8,19,Submitted,Tue Nov 17 01:28:12 PST 2015,Mon Nov 16 08:07:25 PST 2015,Mon Nov 16 08:48:12 PST 2015,,,,,,"""1596-3""",[]
20,375VMB7D4IIJAIIPGKG7Q1KNE9VDI7,3RDWCCLNIFS2XKA98XBNOIWDFUITPC,Language study,A 25-minute experiment where you play a language game with another turker.,language experiment study communication stanford fun cognitive science,$2.50,Mon Nov 16 08:06:44 PST 2015,40,0,0,0,Reviewable,NotReviewed,1 cond,4800,60000,Wed Dec 16 08:06:44 PST 2015,https://requester.mturk.com/mturk/manageHIT?HITId=375VMB7D4IIJAIIPGKG7Q1KNE9VDI7,3CFVK00FWLKP1U9AH2A80VY99YWL6J,20,Submitted,Tue Nov 17 01:29:31 PST 2015,Mon Nov 16 08:07:23 PST 2015,Mon Nov 16 08:49:31 PST 2015,,,,,,"""6040-6""",[]
21,375VMB7D4IIJAIIPGKG7Q1KNE9VDI7,3RDWCCLNIFS2XKA98XBNOIWDFUITPC,Language study,A 25-minute experiment where you play a language game with another turker.,language experiment study communication stanford fun cognitive science,$2.50,Mon Nov 16 08:06:44 PST 2015,40,0,0,0,Reviewable,NotReviewed,1 cond,4800,60000,Wed Dec 16 08:06:44 PST 2015,https://requester.mturk.com/mturk/manageHIT?HITId=375VMB7D4IIJAIIPGKG7Q1KNE9VDI7,3UOUJI6MTDD53ZG0R3BZRV7CJTOXUJ,21,Submitted,Tue Nov 17 01:30:12 PST 2015,Mon Nov 16 08:35:36 PST 2015,Mon Nov 16 08:50:12 PST 2015,,,,,,"""6040-6""",[]
22,375VMB7D4IIJAIIPGKG7Q1KNE9VDI7,3RDWCCLNIFS2XKA98XBNOIWDFUITPC,Language study,A 25-minute experiment where you play a language game with another turker.,language experiment study communication stanford fun cognitive science,$2.50,Mon Nov 16 08:06:44 PST 2015,40,0,0,0,Reviewable,NotReviewed,1 cond,4800,60000,Wed Dec 16 08:06:44 PST 2015,https://requester.mturk.com/mturk/manageHIT?HITId=375VMB7D4IIJAIIPGKG7Q1KNE9VDI7,323Q6SJS8IFJYRJVRAYE29IFLGQFH9,22,Submitted,Tue Nov 17 01:40:49 PST 2015,Mon Nov 16 08:07:23 PST 2015,Mon Nov 16 09:00:49 PST 2015,,,,,,"""5721-4""",[]
23,375VMB7D4IIJAIIPGKG7Q1KNE9VDI7,3RDWCCLNIFS2XKA98XBNOIWDFUITPC,Language study,A 25-minute experiment where you play a language game with another turker.,language experiment study communication stanford fun cognitive science,$2.50,Mon Nov 16 08:06:44 PST 2015,40,0,0,0,Reviewable,NotReviewed,1 cond,4800,60000,Wed Dec 16 08:06:44 PST 2015,https://requester.mturk.com/mturk/manageHIT?HITId=375VMB7D4IIJAIIPGKG7Q1KNE9VDI7,3Y4W8Q93LZJRI80J5TKSTA63HILVD4,23,Submitted,Tue Nov 17 01:41:05 PST 2015,Mon Nov 16 08:31:24 PST 2015,Mon Nov 16 09:01:05 PST 2015,,,,,,"""5721-4""",[]
24,375VMB7D4IIJAIIPGKG7Q1KNE9VDI7,3RDWCCLNIFS2XKA98XBNOIWDFUITPC,Language study,A 25-minute experiment where you play a language game with another turker.,language experiment study communication stanford fun cognitive science,$2.50,Mon Nov 16 08:06:44 PST 2015,40,0,0,0,Reviewable,NotReviewed,1 cond,4800,60000,Wed Dec 16 08:06:44 PST 2015,https://requester.mturk.com/mturk/manageHIT?HITId=375VMB7D4IIJAIIPGKG7Q1KNE9VDI7,39L1G8WVWQQDE4IO5QUR9DDB11Q31Q,24,Submitted,Tue Nov 17 01:41:15 PST 2015,Mon Nov 16 08:41:52 PST 2015,Mon Nov 16 09:01:15 PST 2015,,,,,,"""3700-f""",[]
25,375VMB7D4IIJAIIPGKG7Q1KNE9VDI7,3RDWCCLNIFS2XKA98XBNOIWDFUITPC,Language study,A 25-minute experiment where you play a language game with another turker.,language experiment study communication stanford fun cognitive science,$2.50,Mon Nov 16 08:06:44 PST 2015,40,0,0,0,Reviewable,NotReviewed,1 cond,4800,60000,Wed Dec 16 08:06:44 PST 2015,https://requester.mturk.com/mturk/manageHIT?HITId=375VMB7D4IIJAIIPGKG7Q1KNE9VDI7,3J88R45B2GXSBU84AHC5HPKDBCWPXF,25,Submitted,Tue Nov 17 01:41:23 PST 2015,Mon Nov 16 08:07:19 PST 2015,Mon Nov 16 09:01:23 PST 2015,,,,,,"""3700-f""",[]
26,375VMB7D4IIJAIIPGKG7Q1KNE9VDI7,3RDWCCLNIFS2XKA98XBNOIWDFUITPC,Language study,A 25-minute experiment where you play a language game with another turker.,language experiment study communication stanford fun cognitive science,$2.50,Mon Nov 16 08:06:44 PST 2015,40,0,0,0,Reviewable,NotReviewed,1 cond,4800,60000,Wed Dec 16 08:06:44 PST 2015,https://requester.mturk.com/mturk/manageHIT?HITId=375VMB7D4IIJAIIPGKG7Q1KNE9VDI7,37XITHEISW8PK9DOWDK787ZIBCVRC6,26,Submitted,Tue Nov 17 01:43:22 PST 2015,Mon Nov 16 08:07:55 PST 2015,Mon Nov 16 09:03:22 PST 2015,,,,,,"""7844-6""",[]
27,375VMB7D4IIJAIIPGKG7Q1KNE9VDI7,3RDWCCLNIFS2XKA98XBNOIWDFUITPC,Language study,A 25-minute experiment where you play a language game with another turker.,language experiment study communication stanford fun cognitive science,$2.50,Mon Nov 16 08:06:44 PST 2015,40,0,0,0,Reviewable,NotReviewed,1 cond,4800,60000,Wed Dec 16 08:06:44 PST 2015,https://requester.mturk.com/mturk/manageHIT?HITId=375VMB7D4IIJAIIPGKG7Q1KNE9VDI7,3LJ7UR74RHC1A78HARX8GPIKI2QN42,27,Submitted,Tue Nov 17 01:43:24 PST 2015,Mon Nov 16 08:07:18 PST 2015,Mon Nov 16 09:03:24 PST 2015,,,,,,"""7844-6""",[]
28,375VMB7D4IIJAIIPGKG7Q1KNE9VDI7,3RDWCCLNIFS2XKA98XBNOIWDFUITPC,Language study,A 25-minute experiment where you play a language game with another turker.,language experiment study communication stanford fun cognitive science,$2.50,Mon Nov 16 08:06:44 PST 2015,40,0,0,0,Reviewable,NotReviewed,1 cond,4800,60000,Wed Dec 16 08:06:44 PST 2015,https://requester.mturk.com/mturk/manageHIT?HITId=375VMB7D4IIJAIIPGKG7Q1KNE9VDI7,3DBQWDE4Y6XJ6QCHOWGILHOYIYM5NQ,28,Submitted,Tue Nov 17 01:43:57 PST 2015,Mon Nov 16 08:07:25 PST 2015,Mon Nov 16 09:03:57 PST 2015,,,,,,"""5357-c""",[]
29,375VMB7D4IIJAIIPGKG7Q1KNE9VDI7,3RDWCCLNIFS2XKA98XBNOIWDFUITPC,Language study,A 25-minute experiment where you play a language game with another turker.,language experiment study communication stanford fun cognitive science,$2.50,Mon Nov 16 08:06:44 PST 2015,40,0,0,0,Reviewable,NotReviewed,1 cond,4800,60000,Wed Dec 16 08:06:44 PST 2015,https://requester.mturk.com/mturk/manageHIT?HITId=375VMB7D4IIJAIIPGKG7Q1KNE9VDI7,3JZQSN0I3Q95YVOK74GWH96E6GDFGA,29,Submitted,Tue Nov 17 01:44:05 PST 2015,Mon Nov 16 08:07:22 PST 2015,Mon Nov 16 09:04:05 PST 2015,,,,,,"""5357-c""",[]
30,375VMB7D4IIJAIIPGKG7Q1KNE9VDI7,3RDWCCLNIFS2XKA98XBNOIWDFUITPC,Language study,A 25-minute experiment where you play a language game with another turker.,language experiment study communication stanford fun cognitive science,$2.50,Mon Nov 16 08:06:44 PST 2015,40,0,0,0,Reviewable,NotReviewed,1 cond,4800,60000,Wed Dec 16 08:06:44 PST 2015,https://requester.mturk.com/mturk/manageHIT?HITId=375VMB7D4IIJAIIPGKG7Q1KNE9VDI7,3JPSL1DZ5SYGCWOYJS7ZTS4KACMNAD,30,Submitted,Tue Nov 17 01:53:27 PST 2015,Mon Nov 16 08:07:27 PST 2015,Mon Nov 16 09:13:27 PST 2015,,,,,,"""4194-7""",[]
31,375VMB7D4IIJAIIPGKG7Q1KNE9VDI7,3RDWCCLNIFS2XKA98XBNOIWDFUITPC,Language study,A 25-minute experiment where you play a language game with another turker.,language experiment study communication stanford fun cognitive science,$2.50,Mon Nov 16 08:06:44 PST 2015,40,0,0,0,Reviewable,NotReviewed,1 cond,4800,60000,Wed Dec 16 08:06:44 PST 2015,https://requester.mturk.com/mturk/manageHIT?HITId=375VMB7D4IIJAIIPGKG7Q1KNE9VDI7,358010RM5ES5GE50WTL4NH9VX0XXV8,31,Submitted,Tue Nov 17 01:53:59 PST 2015,Mon Nov 16 08:07:24 PST 2015,Mon Nov 16 09:13:59 PST 2015,,,,,,"""4194-7""",[]
32,375VMB7D4IIJAIIPGKG7Q1KNE9VDI7,3RDWCCLNIFS2XKA98XBNOIWDFUITPC,Language study,A 25-minute experiment where you play a language game with another turker.,language experiment study communication stanford fun cognitive science,$2.50,Mon Nov 16 08:06:44 PST 2015,40,0,0,0,Reviewable,NotReviewed,1 cond,4800,60000,Wed Dec 16 08:06:44 PST 2015,https://requester.mturk.com/mturk/manageHIT?HITId=375VMB7D4IIJAIIPGKG7Q1KNE9VDI7,3U8YCDAGXPF5EG387I2N8GNC61XQ0C,32,Submitted,Tue Nov 17 01:56:25 PST 2015,Mon Nov 16 08:07:23 PST 2015,Mon Nov 16 09:16:25 PST 2015,,,,,,"""2036-f""",[]
33,375VMB7D4IIJAIIPGKG7Q1KNE9VDI7,3RDWCCLNIFS2XKA98XBNOIWDFUITPC,Language study,A 25-minute experiment where you play a language game with another turker.,language experiment study communication stanford fun cognitive science,$2.50,Mon Nov 16 08:06:44 PST 2015,40,0,0,0,Reviewable,NotReviewed,1 cond,4800,60000,Wed Dec 16 08:06:44 PST 2015,https://requester.mturk.com/mturk/manageHIT?HITId=375VMB7D4IIJAIIPGKG7Q1KNE9VDI7,3TXD01ZLD4GE5XSQ7S9UUKAEQYKU42,33,Submitted,Tue Nov 17 01:56:28 PST 2015,Mon Nov 16 08:12:59 PST 2015,Mon Nov 16 09:16:28 PST 2015,,,,,,"""2036-f""",[]
34,375VMB7D4IIJAIIPGKG7Q1KNE9VDI7,3RDWCCLNIFS2XKA98XBNOIWDFUITPC,Language study,A 25-minute experiment where you play a language game with another turker.,language experiment study communication stanford fun cognitive science,$2.50,Mon Nov 16 08:06:44 PST 2015,40,0,0,0,Reviewable,NotReviewed,1 cond,4800,60000,Wed Dec 16 08:06:44 PST 2015,https://requester.mturk.com/mturk/manageHIT?HITId=375VMB7D4IIJAIIPGKG7Q1KNE9VDI7,3VNXK88KKCHFFIN2TDFQ7ENDQX6V9N,34,Submitted,Tue Nov 17 02:24:11 PST 2015,Mon Nov 16 09:27:26 PST 2015,Mon Nov 16 09:44:11 PST 2015,,,,,,"""7625-1""",[]
35,375VMB7D4IIJAIIPGKG7Q1KNE9VDI7,3RDWCCLNIFS2XKA98XBNOIWDFUITPC,Language study,A 25-minute experiment where you play a language game with another turker.,language experiment study communication stanford fun cognitive science,$2.50,Mon Nov 16 08:06:44 PST 2015,40,0,0,0,Reviewable,NotReviewed,1 cond,4800,60000,Wed Dec 16 08:06:44 PST 2015,https://requester.mturk.com/mturk/manageHIT?HITId=375VMB7D4IIJAIIPGKG7Q1KNE9VDI7,3KWTYT08702TIQ9WCJ038PK9D3LL53,35,Submitted,Tue Nov 17 02:25:24 PST 2015,Mon Nov 16 09:27:25 PST 2015,Mon Nov 16 09:45:24 PST 2015,,,,,,"""7625-1""",[]
36,375VMB7D4IIJAIIPGKG7Q1KNE9VDI7,3RDWCCLNIFS2XKA98XBNOIWDFUITPC,Language study,A 25-minute experiment where you play a language game with another turker.,language experiment study communication stanford fun cognitive science,$2.50,Mon Nov 16 08:06:44 PST 2015,40,0,0,0,Reviewable,NotReviewed,1 cond,4800,60000,Wed Dec 16 08:06:44 PST 2015,https://requester.mturk.com/mturk/manageHIT?HITId=375VMB7D4IIJAIIPGKG7Q1KNE9VDI7,3W92K5RLWUGWEVLQQN29VYIB41NV5W,36,Submitted,Tue Nov 17 02:34:17 PST 2015,Mon Nov 16 08:43:46 PST 2015,Mon Nov 16 09:54:17 PST 2015,,,,,,"""8223-f""",[]
37,375VMB7D4IIJAIIPGKG7Q1KNE9VDI7,3RDWCCLNIFS2XKA98XBNOIWDFUITPC,Language study,A 25-minute experiment where you play a language game with another turker.,language experiment study communication stanford fun cognitive science,$2.50,Mon Nov 16 08:06:44 PST 2015,40,0,0,0,Reviewable,NotReviewed,1 cond,4800,60000,Wed Dec 16 08:06:44 PST 2015,https://requester.mturk.com/mturk/manageHIT?HITId=375VMB7D4IIJAIIPGKG7Q1KNE9VDI7,35DR22AR5DJL453HCJFY4MHC6HU3X9,37,Submitted,Tue Nov 17 02:35:04 PST 2015,Mon Nov 16 09:34:06 PST 2015,Mon Nov 16 09:55:04 PST 2015,,,,,,"""8223-f""",[]
38,375VMB7D4IIJAIIPGKG7Q1KNE9VDI7,3RDWCCLNIFS2XKA98XBNOIWDFUITPC,Language study,A 25-minute experiment where you play a language game with another turker.,language experiment study communication stanford fun cognitive science,$2.50,Mon Nov 16 08:06:44 PST 2015,40,0,0,0,Reviewable,NotReviewed,1 cond,4800,60000,Wed Dec 16 08:06:44 PST 2015,https://requester.mturk.com/mturk/manageHIT?HITId=375VMB7D4IIJAIIPGKG7Q1KNE9VDI7,3UN61F00HWO4LO49H3XZU1T8JV9R5Y,38,Submitted,Tue Nov 17 03:16:37 PST 2015,Mon Nov 16 09:19:44 PST 2015,Mon Nov 16 10:36:37 PST 2015,,,,,,"""8263-2""",[]
39,375VMB7D4IIJAIIPGKG7Q1KNE9VDI7,3RDWCCLNIFS2XKA98XBNOIWDFUITPC,Language study,A 25-minute experiment where you play a language game with another turker.,language experiment study communication stanford fun cognitive science,$2.50,Mon Nov 16 08:06:44 PST 2015,40,0,0,0,Reviewable,NotReviewed,1 cond,4800,60000,Wed Dec 16 08:06:44 PST 2015,https://requester.mturk.com/mturk/manageHIT?HITId=375VMB7D4IIJAIIPGKG7Q1KNE9VDI7,3HYA4D452RIFJ1GD8PV7F5CDWX82FE,39,Submitted,Tue Nov 17 03:16:41 PST 2015,Mon Nov 16 09:41:11 PST 2015,Mon Nov 16 10:36:41 PST 2015,,,,,,"""8263-2""",[]
